	code	representative
7	4wog_1	1x1v_1
14	4qpo_1	4qpo_1
17	1lu1_1	2jec_1
33	1hc1_1	1ll1_1
42	3ull_1	1eqq_1
48	5fjd_1	5fjd_1
58	4r6n_3	1x1v_1
59	2v18_1	2vyx_1
61	3e02_1	2y7d_1
66	4ffc_1	3dxw_1
77	4ysn_1	3dxw_1
82	1key_1	4wyv_1
138	1orr_1	1orr_1
139	1m8p_1	3cr8_1
147	4xtm_1	2jec_1
152	4akd_1	1x1v_1
194	2vyx_1	2vyx_1
195	2ux9_1	2vyx_1
196	2dev_1	2vyx_1
198	3vgl_1	5nck_1
221	4dg7_1	4wyv_1
237	5lh9_1	3dxw_1
313	4iu1_1	4hze_1
321	4wyv_1	4wyv_1
336	4wv8_1	2jec_1
357	2rla_1	4hze_1
382	3ujo_1	2jec_1
399	1hql_1	2jec_1
402	1iny_1	4hzz_1
410	4rs4_1	4rs4_1
416	1dge_1	3dxw_1
421	3tqy_1	1eqq_1
440	1fat_1	2jec_1
449	5bn6_1	1x1v_1
454	1n47_1	2jec_1
459	1ll1_1	1ll1_1
506	1ast_1	3vtg_1
519	5mfa_1	2o86_1
563	3edh_1	3vtg_1
564	3edi_1	3vtg_1
569	2c0h_1	2c0h_1
715	1pf3_1	2xu9_1
716	4hak_1	2xu9_1
717	3qqx_1	2xu9_1
718	1kv7_1	2xu9_1
719	4e9q_1	2xu9_1
720	3nsf_1	2xu9_1
721	4hal_1	2xu9_1
722	3nsc_1	2xu9_1
723	3uaa_1	2xu9_1
724	3nsy_1	2xu9_1
800	3fw7_1	3tsh_1
838	1rea_1	1g18_1
841	4wbr_1	4wbr_1
901	3pmt_1	3pmt_1
970	3wdh_1	3wdh_1
1007	3m7t_1	2qa9_1
1008	3m7u_1	2qa9_1
1009	1qq4_1	2qa9_1
1010	1boq_1	2qa9_1
1011	3urd_1	2qa9_1
1012	3urc_1	2qa9_1
1013	1gba_1	2qa9_1
1014	1gbj_1	2qa9_1
1015	1gbe_1	2qa9_1
1016	1p09_1	2qa9_1
1017	1p01_1	2qa9_1
1033	3vte_1	3tsh_1
1034	4cg1_1	4eb0_1
1061	5dl7_1	2y0l_1
1062	5dl6_1	2y0l_1
1075	3nj5_1	5bow_1
1076	2wry_1	5bow_1
1100	1uha_1	1uha_1
1101	1uln_1	1uha_1
1140	4lgj_1	4q3j_1
1172	1m4a_1	1m4a_1
1176	41bi_1	5bow_1
1178	1i1b_1	5bow_1
1179	1too_1	5bow_1
1180	1twm_1	5bow_1
1185	1s0l_1	5bow_1
1194	1fmi_1	1x9d_1
1256	2eic_1	5c86_1
1257	2eid_1	5c86_1
1258	2eib_1	5c86_1
1259	1gof_1	5c86_1
1289	3e9s_1	3e9s_1
1294	3qgh_1	4obc_1
1295	2xhw_1	4obc_1
1348	1usw_1	1usw_1
1360	4tn2_1	4obc_1
1424	4iz8_1	1sta_1
1425	5e1f_1	1sta_1
1426	3va5_1	1sta_1
1427	3pmf_1	1sta_1
1428	4s3s_1	1sta_1
1429	5cv8_1	1sta_1
1430	5cv4_1	1sta_1
1431	4ky5_1	1sta_1
1432	3nhh_1	1sta_1
1433	5igc_1	1sta_1
1434	3qol_1	1sta_1
1435	4eqn_1	1sta_1
1436	4zui_1	1sta_1
1437	2f0w_1	1sta_1
1438	2f0u_1	1sta_1
1439	4f8m_1	1sta_1
1440	4odg_1	1sta_1
1441	4r8n_1	1sta_1
1442	1ii3_1	1sta_1
1443	3p1h_1	1sta_1
1444	3qoj_1	1sta_1
1445	4df7_1	1sta_1
1446	2f0v_1	1sta_1
1447	1ihz_1	1sta_1
1448	4kd4_1	1sta_1
1449	4k5w_1	1sta_1
1450	4nmz_1	1sta_1
1451	4me5_1	1sta_1
1452	4khv_1	1sta_1
1453	4n9p_1	1sta_1
1454	4k5v_1	1sta_1
1455	4kjn_1	1sta_1
1456	4rkl_1	1sta_1
1457	4miu_1	1sta_1
1458	3shl_1	1sta_1
1459	4f7x_1	1sta_1
1460	3oso_1	1sta_1
1461	3qb3_1	1sta_1
1462	4ky6_1	1sta_1
1463	5c6a_1	1sta_1
1464	3evq_1	1sta_1
1465	5c4z_1	1sta_1
1466	5job_1	1sta_1
1467	3erq_1	1sta_1
1468	5hgt_1	1sta_1
1469	1syb_1	1sta_1
1470	3mvv_1	1sta_1
1471	4dfa_1	1sta_1
1472	3np8_1	1sta_1
1473	5igb_1	1sta_1
1474	4hmj_1	1sta_1
1475	5cv9_1	1sta_1
1476	3tp6_1	1sta_1
1477	3tp8_1	1sta_1
1478	4laa_1	1sta_1
1479	3eji_1	1sta_1
1480	3mhb_1	1sta_1
1481	5isr_1	1sta_1
1482	5ekk_1	1sta_1
1483	3sk5_1	1sta_1
1484	3mxp_1	1sta_1
1485	5ekl_1	1sta_1
1486	5c5m_1	1sta_1
1487	5iif_1	1sta_1
1488	5cc4_1	1sta_1
1489	5c5l_1	1sta_1
1490	5igd_1	1sta_1
1491	5ige_1	1sta_1
1492	5i9p_1	1sta_1
1493	5kyi_1	1sta_1
1494	3v2t_1	1sta_1
1495	3nqt_1	1sta_1
1496	4np5_1	1sta_1
1497	4nkl_1	1sta_1
1498	4n9t_1	1sta_1
1499	5cgk_1	1sta_1
1500	4wrd_1	1sta_1
1501	5egt_1	1sta_1
1502	5igg_1	1sta_1
1503	5cv7_1	1sta_1
1504	5cv6_1	1sta_1
1505	5ioc_1	1sta_1
1506	5iod_1	1sta_1
1507	5c3w_1	1sta_1
1508	3hzx_1	1sta_1
1509	4rkb_1	1sta_1
1510	5c3x_1	1sta_1
1511	4eqp_1	1sta_1
1512	3ero_1	1sta_1
1513	4pny_1	1sta_1
1514	4du9_1	1sta_1
1515	3nk9_1	1sta_1
1516	4ky7_1	1sta_1
1517	3ruz_1	1sta_1
1518	5jav_1	1sta_1
1519	4zuj_1	1sta_1
1520	3sxh_1	1sta_1
1521	4dgz_1	1sta_1
1522	3meh_1	1sta_1
1523	1tqo_1	1sta_1
1524	5c4h_1	1sta_1
1525	3s9w_1	1sta_1
1526	4eqo_1	1sta_1
1527	3tp7_1	1sta_1
1528	4hmi_1	1sta_1
1529	5deh_1	1sta_1
1530	3mz5_1	1sta_1
1531	5j22_1	1sta_1
1532	3h6m_1	1sta_1
1533	3c1f_1	1sta_1
1534	4j1m_1	1sta_1
1535	4kta_1	1sta_1
1536	4ial_1	1sta_1
1537	3nxw_1	1sta_1
1538	3c1e_1	1sta_1
1539	4iun_1	1sta_1
1540	4kv6_1	1sta_1
1541	4j6h_1	1sta_1
1542	3d4w_1	1sta_1
1543	1tt2_1	1sta_1
1544	5e3f_1	1sta_1
1545	5f2d_1	1sta_1
1546	4ndx_1	1sta_1
1547	4k2l_1	1sta_1
1548	4pmb_1	1sta_1
1549	4zq3_1	1sta_1
1550	5j1z_1	1sta_1
1551	5i6y_1	1sta_1
1552	3dhq_1	1sta_1
1553	4pmc_1	1sta_1
1554	5k5p_1	1sta_1
1555	2rbm_1	1sta_1
1556	3d8g_1	1sta_1
1557	3sr1_1	1sta_1
1558	5i6w_1	1sta_1
1559	1kda_1	1sta_1
1560	1kdb_1	1sta_1
1561	1kdc_1	1sta_1
1562	2sns_1	1sta_1
1563	3itp_1	1sta_1
1564	5hur_1	1sta_1
1565	3sk4_1	1sta_1
1566	3lx0_1	1sta_1
1567	2rdf_1	1sta_1
1568	3t16_1	1sta_1
1569	3u9o_1	1sta_1
1570	4evo_1	1sta_1
1571	2qdb_1	1sta_1
1600	1k3i_1	5c86_1
1603	3ozz_1	1mj4_1
1604	1m2m_1	1mj4_1
1605	1m2i_1	1mj4_1
1606	1lqx_1	1mj4_1
1607	1es1_1	1mj4_1
1608	1ehb_1	1mj4_1
1609	1u9u_1	1mj4_1
1610	1lr6_1	1mj4_1
1611	1m59_1	1mj4_1
1612	1m20_1	1mj4_1
1631	1b5m_1	1mj4_1
1681	1sw2_1	1sw2_1
1683	1mup_1	3kff_1
1692	3sy7_1	2y0l_1
1793	1elv_1	1elv_1
1801	3fw8_1	3tsh_1
1802	3fwa_1	3tsh_1
1803	3fw9_1	3tsh_1
1879	5k01_1	2zlb_1
1880	5lqa_1	2zlb_1
1898	1jd5_1	4wvs_1
1913	1tia_1	1usw_1
1914	5ch8_1	1usw_1
1939	4hgu_1	4hgu_1
1947	4ec3_1	3tsh_1
1948	3gsy_1	3tsh_1
1967	1ixg_1	1ixg_1
1968	1ixh_1	1ixg_1
1969	1a54_1	1ixg_1
1970	1a40_1	1ixg_1
1971	1qui_1	1ixg_1
1972	1quk_1	1ixg_1
1973	1qul_1	1ixg_1
1974	1ixi_1	1ixg_1
1998	1jv4_1	3kff_1
1999	3kff_1	3kff_1
2014	1x9d_1	1x9d_1
2020	2y0h_1	2y0l_1
2021	3t0s_1	2y0l_1
2052	4glp_1	4glp_1
2061	1gen_1	3c7x_1
2090	1wkx_1	1uha_1
2091	1q9b_1	1uha_1
2111	3mam_1	1sw2_1
2118	3seb_1	1dyq_1
2119	1se3_1	1dyq_1
2120	3bvg_1	1dyq_1
2121	3bvz_1	1dyq_1
2122	3bvm_1	1dyq_1
2123	1cqv_1	1dyq_1
2153	4jb0_1	4jb0_1
2161	4d72_1	2wmg_1
2162	4d6i_1	2wmg_1
2163	4d6c_1	2wmg_1
2164	4d71_1	2wmg_1
2165	4d6h_1	2wmg_1
2166	4d6f_1	2wmg_1
2167	4d6d_1	2wmg_1
2168	4d6e_1	2wmg_1
2183	1tib_1	1usw_1
2187	5hpe_1	1jk7_1
2203	2ea3_1	2qa9_1
2206	3znt_1	2x01_1
2211	1nxc_1	1x9d_1
2217	2vsl_1	4wvs_1
2221	1umk_1	1umk_1
2241	1wvh_1	1wvh_1
2259	1dl2_1	1x9d_1
2290	5dsd_1	5dsd_1
2292	4qaz_1	5dsd_1
2311	4orf_1	4nxy_1
2312	4onu_1	4nxy_1
2313	4oll_1	4nxy_1
2320	3im1_1	3im1_1
2325	2x6u_1	1xbr_1
2386	3das_1	3a9g_1
2403	4zx2_1	1jk7_1
2444	5k0e_1	2zlb_1
2528	4pr6_1	4pr6_1
2529	1zzn_1	1zzn_1
2603	3szv_1	2y0l_1
2606	3iev_1	1svi_1
2616	5h5h_1	1w5f_1
2617	3voa_1	1w5f_1
2639	3cfz_1	3cfz_1
2646	2onr_1	3cfz_1
2653	3cg3_1	3cfz_1
2683	4xjv_1	3flb_1
2711	2jdf_1	2jdg_1
2712	1amm_1	2jdg_1
2713	1i5i_1	2jdg_1
2714	1m8u_1	2jdg_1
2715	1zgt_1	2jdg_1
2716	1h4a_1	2jdg_1
2717	1hk0_1	2jdg_1
2719	4qq6_1	3pmt_1
2765	4ttn_1	4ttn_1
2766	4tto_1	4ttn_1
2767	4ttm_1	4ttn_1
2790	1xm9_1	3tt9_1
2815	3lhi_1	3lwd_1
2850	4f2f_1	4f2e_1
2873	5fd7_1	5j45_1
2932	5b7f_1	2xu9_1
2956	3tx2_1	3lwd_1
2968	3d9u_1	4wvs_1
2970	5mdu_1	5mdu_1
3030	4ts6_1	3fbk_1
3038	3hib_1	3im1_1
3086	5gif_1	5gif_1
3087	3te4_1	5gif_1
3088	5gii_1	5gif_1
3137	4v1j_1	4v1j_1
3145	2xu9_1	2xu9_1
3193	3hbz_1	3hbz_1
3236	4yiv_1	4yiv_1
3246	3apa_1	1x1v_1
3250	2a6z_1	2a6y_1
3252	1t9f_1	1t9f_1
3279	2qc5_1	2qc5_1
3316	1z4r_1	1pu9_1
3339	3adj_1	3adg_1
3358	1kon_1	1kon_1
3364	5jw8_1	4v1j_1
3373	1xmk_1	4kmf_1
3392	4fjq_1	3sae_1
3471	3wbj_1	1g7r_1
3472	3wbi_1	1g7r_1
3514	4qmh_1	4qmj_1
3517	4kyr_1	4kyr_1
3519	4qmj_1	4qmj_1
3520	5bul_1	5bul_1
3527	3uw0_1	3uw0_1
3531	1pfp_1	1pfp_1
3536	3uw4_1	4wvs_1
3537	4ja7_1	1jk7_1
3544	5ijm_1	1hb6_1
3592	4pyh_1	4kyr_1
3595	2a6y_1	2a6y_1
3599	3adg_1	3adg_1
3644	3m01_1	3sae_1
3645	3lz9_1	3sae_1
3658	2zlb_1	2zlb_1
3676	4ee8_1	4ee8_1
3720	3l6x_1	3tt9_1
3780	2r70_1	2r70_1
3791	2yxm_2	2yxm_2
3802	2yz8_1	2yxm_2
3844	2y9u_1	2y9u_1
3847	5grr_1	5k4p_1
3864	1i7e_1	1s31_1
3865	1c8z_1	1s31_1
3879	1dxs_1	2y9u_1
3899	4ikg_1	4ikg_1
3924	4hh5_1	4hh5_1
3957	4x39_1	5bow_1
3958	4x38_1	5bow_1
3959	4x3a_1	5bow_1
3960	4x37_1	5bow_1
3966	4foz_1	2y0l_1
3967	2y0k_1	2y0l_1
3971	4ft6_1	2y0l_1
3988	3asw_1	4f1z_1
3989	3at0_1	4f1z_1
3991	4my4_1	1ejj_1
3993	4fsp_1	2y0l_1
3998	3lcu_1	3fzg_1
4037	2fbt_1	2e6l_1
4067	2jc7_1	2x01_1
4068	1gm6_1	3kff_1
4081	1hbk_1	1hb6_1
4094	3l2p_1	3l2p_1
4155	1sgc_1	2qa9_1
4156	2sfa_1	2qa9_1
4159	1rtg_1	3c7x_1
4181	1zde_1	4kl5_3
4325	5dhi_1	3sae_1
4426	4i65_1	1sta_1
4427	4qb4_1	1sta_1
4428	4k14_1	1sta_1
4429	1eqv_1	1sta_1
4430	1u32_1	1jk7_1
4442	3zx1_1	2xu9_1
4445	1sdz_1	4wvs_1
4492	4gig_1	4kl5_3
4493	3nzm_1	4kl5_3
4494	2e6l_1	2e6l_1
4736	1qst_1	1pu9_1
4737	1q2c_1	1pu9_1
4758	3hak_1	3haf_1
4768	4k8j_1	1sta_1
4779	1pu9_1	1pu9_1
4781	2pgg_1	2r70_1
4808	1r62_1	1id0_1
4845	1mhn_1	3pmt_1
4917	4fbh_1	4fbh_1
4925	3edg_1	3vtg_1
4931	4kej_1	4l4h_1
4932	4kek_1	4l4h_1
4933	3im6_1	4l4h_1
4934	4l4h_1	4l4h_1
4935	4kei_1	4l4h_1
4936	3im7_1	4l4h_1
4954	1jk7_1	1jk7_1
4994	3x32_1	1mj4_1
5018	5fg3_1	1g7r_1
5035	3sae_1	3sae_1
5091	5vpu_1	1ejj_1
5111	4icw_1	4icw_1
5125	5aoy_1	3ga2_1
5167	5bth_1	5bth_1
5169	4b44_1	1g7r_1
5170	4b3x_1	1g7r_1
5171	4b43_1	1g7r_1
5203	4j87_1	4j87_1
5241	2zrh_1	1g18_1
5242	2zr0_1	1g18_1
5243	2zrc_1	1g18_1
5244	1ubc_1	1g18_1
5261	1hx9_1	3sae_1
5262	1hxg_1	3sae_1
5263	5eau_1	3sae_1
5264	1hxc_1	3sae_1
5265	5eat_1	3sae_1
5266	5eas_1	3sae_1
5318	3fql_1	4obc_1
5322	4aep_1	4obc_1
5323	4adp_1	4obc_1
5332	2zjo_1	4b6e_1
5337	2w47_1	2w3j_1
5356	3ugm_1	4gg4_1
5509	4ava_1	4nxy_1
5560	3rjy_1	3rjy_1
5561	3rjx_1	3rjy_1
5576	4zbx_1	4zbx_1
5602	3lfu_1	1pjr_1
5634	2r6r_1	1w5f_1
5639	2vce_1	2vce_1
5647	2zzf_1	2zzf_1
5648	2z2n_1	2qc5_1
5683	1d4o_1	1d4o_1
5768	3d2d_1	3tsh_1
5829	3p5p_1	3sae_1
5848	1xwy_1	1xwy_1
5853	1e2u_1	1e2u_1
5854	1e1d_1	1e2u_1
5855	4pe8_1	1xwy_1
5856	4p5u_1	1xwy_1
5858	2vaw_1	1w5f_1
5872	1aba_1	1aba_1
5928	4i8m_1	4l4h_1
5929	4i37_1	4l4h_1
5930	4i2s_1	4l4h_1
5940	3nwe_1	2zlb_1
5941	1h1d_1	2zlb_1
5964	3mix_1	3mix_1
5972	1ygg_1	1ygg_1
6000	2wq8_1	5c86_1
6029	2q0z_1	3im1_1
6041	3nz3_1	3nz3_1
6055	4w9a_1	2jdg_1
6101	2pq6_1	2vce_1
6126	1g3q_1	1ion_1
6158	1z9t_1	1z9t_1
6159	1j6o_1	1xwy_1
6162	1vk2_1	4zbx_1
6183	2jdg_1	2jdg_1
6205	4cdp_1	2j0p_1
6214	4xb5_1	5fcx_3
6227	5evy_1	5evy_1
6234	4wvs_1	4wvs_1
6238	4bmh_1	4bmh_1
6264	2wmg_1	2wmg_1
6265	2wmh_1	2wmg_1
6266	2wmf_1	2wmg_1
6355	5lyr_1	5lyr_1
6356	5mel_1	5lyr_1
6482	3i3l_1	5bul_1
6500	3e4r_1	3e4r_1
6514	2fk9_1	1gmi_1
6572	5agh_1	2wfd_1
6573	5agi_1	2wfd_1
6574	5agj_1	2wfd_1
6575	2wfg_1	2wfd_1
6605	3s4u_2	3s4u_2
6619	4m8i_1	1w5f_1
6620	4dxd_1	1w5f_1
6684	3byv_1	3byv_1
6770	2i0z_1	2gqf_1
6791	1i7p_1	1umk_1
6792	4f94_1	2x01_1
6793	4x53_1	2x01_1
6799	3flb_1	3flb_1
6839	3pr1_1	1svi_1
6902	3pya_1	3sae_1
6980	2xio_1	1xwy_1
6982	2vap_1	1w5f_1
6990	2ab4_1	2ab4_1
6991	1r3e_1	2ab4_1
6997	3k6u_1	3cfz_1
7040	4q3j_1	4q3j_1
7041	1g7r_1	1g7r_1
7062	5a35_1	5a35_1
7098	4oh0_1	2x01_1
7100	4iug_1	3og2_1
7112	1i04_1	3kff_1
7117	5txu_1	5txu_1
7119	1g6i_1	1x9d_1
7138	5ho0_1	5ho0_1
7154	1rv9_1	1z9t_1
7175	1xfj_1	1z9t_1
7186	3ka7_1	3nrn_1
7192	3ga2_1	3ga2_1
7195	1svi_1	1svi_1
7206	4cg3_1	4eb0_1
7222	4fd5_1	5gif_1
7224	4gn2_1	2x01_1
7225	1csp_1	1csp_1
7242	1md9_1	1md9_1
7243	1u0b_1	1u0b_1
7290	4mno_1	4mno_1
7291	4v0w_1	1jk7_1
7305	4h7u_1	4ynt_1
7352	4ad1_1	5lyr_1
7353	4v28_1	5lyr_1
7383	1pjr_1	1pjr_1
7391	5boh_1	2x01_1
7723	4zdx_1	2x01_1
7792	4ynt_1	4ynt_1
7812	3hr8_1	1g18_1
7920	4xj6_1	4xj1_1
7946	3h38_1	4wby_1
7951	3rcm_1	1xwy_1
7971	5b7e_1	2xu9_1
7975	3ibt_1	3ibt_1
7989	4gg4_1	4gg4_1
8000	3nrn_1	3nrn_1
8025	4f1z_1	4f1z_1
8059	1yp7_1	3kff_1
8060	1znd_1	3kff_1
8078	4wfi_1	4eb0_1
8106	3dxs_1	3dxs_1
8114	4xj1_1	4xj1_1
8120	4kki_1	4kki_1
8121	4y23_1	4y23_1
8139	1oen_1	1ygg_1
8140	1aq2_1	1ygg_1
8141	1ayl_1	1ygg_1
8142	2py7_1	1ygg_1
8164	3igy_1	1ejj_1
8181	3n5u_2	1jk7_1
8184	1zb6_1	4ee8_1
8228	1dyq_1	1dyq_1
8403	1ejj_1	1ejj_1
8425	2j0p_1	2j0p_1
8426	2j0r_1	2j0p_1
8438	3gt5_1	3gt5_1
8486	3hqc_1	1wvh_1
8500	2wcx_1	4obc_1
8535	5lfa_1	5lfa_1
8536	4dja_1	5lfa_1
8547	3olc_1	3olc_1
8550	1r3f_1	2ab4_1
8551	2aq5_1	2aq5_1
8556	2ibj_1	1mj4_1
8561	5ar1_1	3sop_1
8569	4wt9_1	4obc_1
8570	4obc_1	4obc_1
8571	5uj2_1	4obc_1
8572	4e76_1	4obc_1
8602	3e1t_1	5bul_1
8680	5fcy_1	5fcx_3
8707	2ztg_1	2zzf_1
8716	1ui0_1	4zbx_1
8717	2o3e_1	1i1i_1
8732	4nsp_1	3ga2_1
8743	1x9n_1	3l2p_1
8768	1g18_1	1g18_1
8769	4oqf_1	1g18_1
8770	4po1_1	1g18_1
8773	1ion_1	1ion_1
8843	1a1v_1	4b6e_1
8860	5i4n_1	4fvp_1
8863	4x0a_1	4wby_1
8972	1hyq_1	1ion_1
9013	1gmi_1	1gmi_1
9020	3s6w_1	3pmt_1
9021	2w3j_1	2w3j_1
9036	1l9g_1	4zbx_1
9039	2i6i_1	2img_1
9040	2dxp_1	2img_1
9044	5fd9_1	5j45_1
9045	3lqb_1	3vtg_1
9050	3vtg_1	3vtg_1
9051	3tqo_1	1u0b_1
9064	1cxy_1	1mj4_1
9201	4mda_1	3hos_1
9230	1iqz_1	1iqz_1
9245	1fnf_1	1fnf_1
9254	3c7x_1	3c7x_1
9287	4eo1_1	4eo1_1
9314	4bpy_1	4wbr_1
9316	1kwi_1	1pfp_1
9378	1mj4_1	1mj4_1
9384	3ea6_1	1dyq_1
9399	3fib_1	2j5z_1
9405	4k0w_1	2x01_1
9406	4jf5_1	2x01_1
9433	1jc9_1	2j5z_1
9439	5c86_1	5c86_1
9468	3r5s_1	3r5s_1
9474	1ehd_1	1uha_1
9475	1eis_1	1uha_1
9476	4nuh_1	3uyv_1
9502	1p9g_1	1uha_1
9586	1id0_1	1id0_1
9602	4wby_1	4wby_1
9608	2ify_1	1ejj_1
9611	2i5l_1	1csp_1
9642	5e4k_1	5e4k_1
9644	4b89_1	4b89_1
9647	4wxp_1	4b6e_1
9650	1gbs_1	1gbs_1
9651	153l_1	1gbs_1
9653	4b9i_1	4b9j_1
9654	4b9j_1	4b9j_1
9698	1bs9_1	1bs9_1
9717	1okc_1	1okc_1
9720	5svx_1	4qq4_1
9721	5svy_1	4qq4_1
9792	1svy_1	1svy_1
9800	1mjc_1	1csp_1
9816	4mxd_1	2xmz_1
9871	4n3g_1	1g7r_1
9873	3fp5_1	1hb6_1
9885	1tgl_1	1usw_1
9886	4tgl_1	1usw_1
9887	3tgl_1	1usw_1
9902	1cyo_1	1mj4_1
9951	3a9g_1	3a9g_1
9953	2img_1	2img_1
9964	1r3d_1	1r3d_1
9967	3b89_1	3fzg_1
9980	4p0l_1	5bow_1
9981	4p0k_1	5bow_1
9991	4nu2_1	3uyv_1
10011	4g4i_1	4g4i_1
10012	4g4g_1	4g4i_1
10018	4ize_1	5bow_1
10108	2vm5_1	4wvs_1
10123	1yuy_1	4obc_1
10124	2xxd_1	4obc_1
10125	2xwh_1	4obc_1
10126	2brk_1	4obc_1
10127	1quv_1	4obc_1
10128	1os5_1	4obc_1
10129	4tlr_1	4obc_1
10160	3rkv_1	3rkv_1
10164	4dqd_1	4jb0_1
10169	3tx6_1	4jb0_1
10170	3uk0_1	4jb0_1
10171	3ukj_1	4jb0_1
10189	5i1t_1	5txu_1
10191	3fk8_1	3fk8_1
10230	1t8h_1	1z9t_1
10236	3sg0_1	4jb0_1
10284	1cf3_1	4ynt_1
10288	4kav_1	5k4p_1
10295	4eb0_1	4eb0_1
10305	4hpz_1	4gg4_1
10306	1s4b_1	1i1i_1
10307	2o36_1	1i1i_1
10314	3lq0_1	3vtg_1
10346	1hb6_1	1hb6_1
10391	1rlw_1	1rlw_1
10400	5bow_1	5bow_1
10412	4nej_1	1m4a_1
10416	4cja_1	4gg4_1
10424	5j45_1	5j45_1
10439	1ndh_1	1umk_1
10495	2o86_1	2o86_1
10496	5b72_1	2o86_1
10497	3erh_1	2o86_1
10498	2ips_1	2o86_1
10499	5gls_1	2o86_1
10500	3r5q_1	2o86_1
10501	2ojv_1	2o86_1
10528	3v6p_1	4gg4_1
10549	2pv1_1	2pv1_1
10561	3aw5_1	2xu9_1
10579	3fni_1	3fni_1
10624	3w2e_1	1umk_1
10653	1fo2_1	1x9d_1
10673	3ch7_1	3lwd_1
10674	3og2_1	3og2_1
10734	1b7v_1	1b7v_1
10761	4fvr_1	4fvp_1
10762	4fvp_1	4fvp_1
10801	2gjm_1	2o86_1
10817	1hpg_1	2qa9_1
10837	1md6_1	5bow_1
10867	2mib_1	5bow_1
10876	1fib_1	2j5z_1
10878	1cnf_1	1umk_1
10879	1cne_1	1umk_1
10886	4di5_1	3sae_1
10936	4jei_1	1usw_1
10967	1hlb_1	1hlb_1
11000	2ici_1	1dyq_1
11002	3tsh_1	3tsh_1
11003	4pvh_1	3tsh_1
11004	4pve_1	3tsh_1
11005	4pvk_1	3tsh_1
11006	4pvj_1	3tsh_1
11030	3frh_1	3fzg_1
11057	1rr8_1	1ois_1
11070	1cw0_1	1cw0_1
11086	5ftx_1	5ftx_1
11092	1wnh_1	1wnh_1
11109	1odg_1	1cw0_1
11126	2p9w_1	2p9w_1
11129	5hfi_1	5hfg_1
11135	3oos_1	3oos_1
11155	1qjp_1	1bxw_1
11166	4zp0_1	4zp0_1
11167	3a1b_1	3a1b_1
11186	5g56_1	5g56_1
11196	4uj6_1	5ftx_1
11197	4uic_1	5ftx_1
11199	2r02_1	2ojq_1
11205	1t3x_1	4liz_1
11208	3t92_1	3t92_1
11209	2exz_1	1sta_1
11210	1a2t_1	1sta_1
11211	2f0k_1	1sta_1
11212	4id6_1	1sta_1
11213	2f0e_1	1sta_1
11214	2f0l_1	1sta_1
11215	2f0m_1	1sta_1
11216	4k5x_1	1sta_1
11217	4k6d_1	1sta_1
11218	2f0f_1	1sta_1
11219	2f0n_1	1sta_1
11220	3d6c_1	1sta_1
11221	2rks_1	1sta_1
11222	1stb_1	1sta_1
11223	2ey2_1	1sta_1
11224	1eyc_1	1sta_1
11225	1ey9_1	1sta_1
11226	1ey6_1	1sta_1
11227	2ey5_1	1sta_1
11228	1snm_1	1sta_1
11229	1snq_1	1sta_1
11230	1ey4_1	1sta_1
11231	3dmu_1	1sta_1
11232	2eyh_1	1sta_1
11233	2oxp_1	1sta_1
11234	1u9r_1	1sta_1
11235	2f0p_1	1sta_1
11236	2f0g_1	1sta_1
11237	2f0o_1	1sta_1
11238	2snm_1	1sta_1
11239	2f0t_1	1sta_1
11240	2f0h_1	1sta_1
11241	2f0q_1	1sta_1
11242	2f0s_1	1sta_1
11243	2pzu_1	1sta_1
11244	2pyk_1	1sta_1
11245	2eyl_1	1sta_1
11246	1f2y_1	1sta_1
11247	1f2m_1	1sta_1
11248	1f2z_1	1sta_1
11249	1syg_1	1sta_1
11250	1syc_1	1sta_1
11251	1ey8_1	1sta_1
11252	1snp_1	1sta_1
11253	2eym_1	1sta_1
11254	2eyo_1	1sta_1
11255	1sty_1	1sta_1
11256	1ey7_1	1sta_1
11257	1ey0_1	1sta_1
11258	1sno_1	1sta_1
11259	2eyp_1	1sta_1
11260	1sye_1	1sta_1
11261	2f0d_1	1sta_1
11262	2f0i_1	1sta_1
11263	4h7b_1	1sta_1
11264	2f0j_1	1sta_1
11265	2pw5_1	1sta_1
11266	2eyj_1	1sta_1
11267	2eyf_1	1sta_1
11268	2ey6_1	1sta_1
11269	1ez6_1	1sta_1
11270	1eya_1	1sta_1
11271	1ey5_1	1sta_1
11272	2ey1_1	1sta_1
11273	1enc_1	1sta_1
11274	1sta_1	1sta_1
11275	2oix_1	2oix_1
11276	2oiv_1	2oix_1
11294	1hty_1	1ps3_1
11308	1dt1_1	1foc_1
11309	1lbu_1	1lbu_1
11311	4jfn_1	2fjz_1
11342	1vsr_1	1cw0_1
11346	1ois_1	1ois_1
11348	1hoe_1	1hoe_1
11353	2fjz_1	2fjz_1
11354	4wyi_1	4wyi_1
11360	3zzo_1	3zzo_1
11364	4j5q_1	4j5q_1
11370	2fqw_1	2fqw_1
11376	3kc6_1	2vy7_1
11395	1q8d_1	1q8d_1
11406	4uie_1	5ftx_1
11408	4tz1_1	4pey_1
11415	1gak_1	1gak_1
11432	5jog_1	5jog_1
11442	4oo3_1	4oo3_1
11443	3mzy_1	3mzy_1
11449	2pie_1	2pie_1
11453	3cjm_1	3cjm_1
11462	5hfg_1	5hfg_1
11465	2vc8_1	2vc8_1
11469	4chd_1	4chd_1
11493	3etv_1	3etv_1
11494	1s21_1	1s21_1
11513	2ojq_1	2ojq_1
11514	5h2d_1	5h2d_1
11533	4xxn_1	4xy3_1
11559	2ckk_1	2ckk_1
11565	2vy6_1	2vy7_1
11632	2xmz_1	2xmz_1
11633	4m6g_1	4m6g_1
11634	4xy3_1	4xy3_1
11635	2pst_1	2pst_1
11644	5coz_1	5coz_1
11651	2xs1_1	2ojq_1
11662	5gyq_1	5gyq_1
11667	4q98_1	4q98_1
11695	3hc1_1	3m1t_1
11713	3m1t_1	3m1t_1
11718	3q1n_1	3q1n_1
11736	3e0f_1	3e0f_1
11755	3iv0_1	3iv0_1
11769	3ted_1	3ted_1
11770	4a6q_1	4a6q_1
11771	4zke_1	4zke_1
11773	3uah_1	3uah_1
11785	5uft_1	5uft_1
11801	5hb4_1	5hb4_1
11824	2xb0_1	3ted_1
11836	3whp_1	3whp_1
11838	1w1d_1	1w1d_1
11846	3a1a_1	3a1b_1
11872	4jhy_1	4jhy_1
11874	4l3u_1	4l3u_1
11875	3zuz_1	3uah_1
11881	3nfv_1	3nfv_1
11902	3oyv_1	3oyv_1
11912	4al5_1	4al5_1
11913	2xlj_1	4al5_1
11914	4al6_1	4al5_1
11915	4al7_1	4al5_1
11916	2xli_1	4al5_1
11928	2qsk_1	2qsk_1
11936	3l1x_1	3l1x_1
11950	2a90_1	2a90_1
11954	1sig_1	1ku2_1
11960	1kk9_1	1kk9_1
11966	3fwl_1	3vma_1
11974	5bva_1	5bul_1
11988	2f1s_1	2bbr_1
12006	4mh8_1	4mh8_1
12012	3bcy_1	3bcy_1
12051	3tt9_1	3tt9_1
12052	2vki_1	1w1d_1
12070	4qbs_1	3a1b_1
12074	3g9y_1	3g9y_1
12084	4h5y_1	4h5y_1
12087	3kwl_1	3kwl_1
12098	5ejr_1	5ejr_1
12100	5ijl_1	5ijl_1
12104	3msw_1	3msw_1
12108	4zgf_1	4zgf_1
12130	4q2w_1	4pi8_1
12151	2w0g_1	2w0g_1
12163	3smz_1	3smz_1
12168	1w4s_1	1w4s_1
12170	4b1l_1	4b1l_1
12171	1hxn_1	1hxn_1
12189	1f42_1	1f42_1
12209	2e7z_1	2e7z_1
12211	1k4s_1	1ois_1
12212	1seu_1	1ois_1
12213	1r49_1	1ois_1
12218	1kaa_1	1sta_1
12219	1kab_1	1sta_1
12220	1poo_1	1poo_1
12221	1cvm_1	1poo_1
12222	1qlg_1	1poo_1
12224	1a35_1	1ois_1
12225	1a31_1	1ois_1
12226	5fgz_1	3vma_1
12237	1lpq_1	1ois_1
12247	1jy1_1	1jy1_1
12255	1ena_1	1sta_1
12289	3cmq_1	3cmq_1
12315	3shs_1	3shs_1
12331	3s99_1	3s99_1
12366	1bxw_1	1bxw_1
12370	1uwv_1	1uwv_1
12380	1v0a_1	1v0a_1
12383	4ayo_1	1x9d_1
12398	2y8k_1	5g56_1
12402	2wz8_1	2w3j_1
12406	2wdc_1	2wdc_1
12411	2yfu_1	2yfu_1
12412	3g7y_1	3g7y_1
12425	4e6z_1	4e6z_1
12436	3vuo_1	3vuo_1
12440	4rxx_1	4rxx_1
12448	3bs1_1	3bs1_1
12452	4mfi_1	4mfi_1
12470	3e6z_1	2vb2_1
12471	2qcp_1	2vb2_1
12482	3hfw_1	3hfw_1
12488	3rce_1	3rce_1
12515	1zeq_1	2vb2_1
12527	5kat_1	5kat_1
12528	2gs5_1	2hrx_1
12529	2hrx_1	2hrx_1
12530	2o14_1	2o14_1
12541	4dlf_1	4dlf_1
12564	5gva_1	5gva_1
12570	3of7_1	3of7_1
12572	1skn_1	1skn_1
12580	5lm3_1	5lm3_1
12581	4whe_1	4whe_1
12600	3o7p_1	3o7p_1
12629	3drf_1	3drf_1
12635	3pt5_1	3pt5_1
12643	2p4f_1	2p4f_1
12700	3vma_1	3vma_1
12775	1fio_1	1fio_1
12780	5d2s_1	5d2s_1
12839	3gon_1	3gon_1
12841	3hvw_1	3hvw_1
12845	1iu9_1	1iu9_1
12900	2reu_1	2reu_1
12933	4yte_1	4yte_1
12936	2odh_1	2odh_1
12951	4nq0_1	4nq0_1
12956	4rep_1	4rep_1
12959	5c17_1	5c17_1
12980	3plw_1	3plw_1
12987	5aym_1	5aym_1
12996	1gm5_1	1gm5_1
13052	3cw4_1	2vy7_1
13061	5wqw_1	4pi8_1
13080	3s5h_1	3s5h_1
13091	4d1a_1	2jln_1
13092	2jln_1	2jln_1
13115	2fu2_1	2fu2_1
13118	4n77_1	4n77_1
13126	1yfq_1	1yfq_1
13153	4uu4_1	4uu4_1
13159	1uj8_1	1uj8_1
13171	4pdy_1	4pdy_1
13175	1yzf_1	1yzf_1
13206	3i2n_1	3i2n_1
13222	2bbr_1	2bbr_1
13224	3klu_1	3klu_1
13230	4liz_1	4liz_1
13233	4hkq_1	4mh8_1
13238	2b9x_1	2b9x_1
13279	1yt8_1	1yt8_1
13282	3eaf_1	3eaf_1
13292	3wa7_1	3wa7_1
13300	1k7j_1	1kk9_1
13315	4wd1_1	4wd1_1
13320	4nxy_1	4nxy_1
13334	4mn0_1	4mn0_1
13346	2o0p_1	2o0p_1
13347	2o0q_1	2o0p_1
13372	2wok_1	2wok_1
13374	3zpj_1	3zpj_1
13375	4u4e_1	4u4e_1
13379	3iqd_1	3iqd_1
13380	3c7a_1	3iqd_1
13384	2i7x_1	2i7x_1
13385	1n0u_1	1n0u_1
13405	3uif_1	3e4r_1
13420	1qhu_1	1hxn_1
13435	2cwy_1	2cwy_1
13466	1yht_1	1yht_1
13473	2vb2_1	2vb2_1
13478	2oaj_1	2oaj_1
13480	1ps3_1	1ps3_1
13486	4alz_1	4alz_1
13490	4r12_1	4r12_1
13494	5f9q_1	5f9q_1
13497	4bwr_1	4bwr_1
13561	1c52_1	1foc_1
13582	4lya_1	4lya_1
13583	1rrj_1	1ois_1
13591	5dom_1	5dom_1
13597	4jp6_1	4jp6_1
13609	3c5v_1	3c5v_1
13616	5t12_1	5t12_1
13618	4zow_1	4zp0_1
13628	3bud_1	1ps3_1
13629	1qwn_1	1ps3_1
13630	1qwu_1	1ps3_1
13634	4pi8_1	4pi8_1
13635	4pi7_1	4pi8_1
13643	3pvh_1	3pvh_1
13644	3ptj_1	3pvh_1
13665	4pey_1	4pey_1
13674	3nbi_1	3nbi_1
13701	3df7_1	3df7_1
13703	4he5_1	4he5_1
13708	2nrj_1	2nrj_1
13709	4o8s_1	4o8s_1
13711	4p0d_1	4p0d_1
13712	2im9_1	2im9_1
13717	1vfq_1	4liz_1
13741	3lyr_1	3lyr_1
13748	4ztk_1	4ztk_1
13754	4kqc_1	4kqc_1
13771	1zma_1	1zma_1
13780	3b79_1	3b79_1
13821	2r5f_1	2r5f_1
13834	3tt2_1	3tt2_1
13836	4ovk_1	4ovk_1
13841	3ho3_1	3a9g_1
13843	2b4v_1	2b4v_1
13859	1rni_1	3m1m_1
13860	1ro0_1	3m1m_1
13865	3m1m_1	3m1m_1
13867	4tv0_1	4tv0_1
13885	1anv_1	1anv_1
13886	2waz_1	1anv_1
13940	1a0b_1	1a0b_1
13946	1deo_1	1deo_1
13947	3c1u_1	1deo_1
13963	4xyo_1	3bs1_1
13973	2vvd_1	2vvd_1
13977	4uj7_1	5ftx_1
13979	3aqk_1	4wby_1
13986	1ej9_1	1ois_1
13987	1nh3_1	1ois_1
13992	2gnx_1	2gnx_1
13996	1i9w_1	1i9w_1
14027	3ipv_1	2jec_1
14064	1qhv_1	4xl8_1
14097	1dhs_1	1rlz_1
14121	4hfb_1	4x5t_1
14122	3eam_1	4x5t_1
14123	3p4w_1	4x5t_1
14124	4npp_1	4x5t_1
14125	3lsv_1	4x5t_1
14136	5vdi_1	4x5t_1
14151	3wcr_1	2jec_1
14153	2cvo_1	2cvo_1
14220	1nna_1	4hzz_1
14235	2d39_1	2j5z_1
14250	1a4g_1	4hzz_1
14257	4cof_1	4x5t_1
14270	4hzv_1	4hzz_1
14271	4hzy_1	4hzz_1
14279	1lvw_1	1mc3_1
14289	2chc_1	2chc_1
14290	1uxa_1	4xl8_1
14297	2xu2_1	1v6t_1
14320	1d8w_1	3uxi_1
14328	2yzj_1	2yzj_1
14332	3lqk_1	3lqk_1
14355	3ktc_1	3ktc_1
14357	3fxa_1	2xhz_1
14364	3d7i_1	3d7i_1
14470	3ei0_1	4x5t_1
14471	2xq9_1	4x5t_1
14472	2xq3_1	4x5t_1
14473	4ire_1	4x5t_1
14474	5iux_1	4x5t_1
14480	3tlt_1	4x5t_1
14481	4ilc_1	4x5t_1
14482	3tls_1	4x5t_1
14483	4il9_1	4x5t_1
14484	3uu3_1	4x5t_1
14485	3tlw_1	4x5t_1
14486	3tlv_1	4x5t_1
14487	3tlu_1	4x5t_1
14514	3exv_1	4xl8_1
14515	3exw_1	4xl8_1
14518	1mc3_1	1mc3_1
14549	2p56_1	1ro8_2
14550	4adz_1	3aai_1
14575	4gzo_1	4hzz_1
14576	4gzs_1	4hzz_1
14578	4lml_1	4x5t_1
14579	4lmj_1	4x5t_1
14580	4lmk_1	4x5t_1
14600	4dw1_1	3i5d_1
14601	3i5d_1	3i5d_1
14602	4dw0_1	3i5d_1
14603	3h9v_1	3i5d_1
14635	3uxi_1	3uxi_1
14660	4dgr_1	4hzz_1
14700	1t5f_1	4hze_1
14701	1tbj_1	4hze_1
14702	1ta1_1	4hze_1
14703	1tbh_1	4hze_1
14704	1p8n_1	4hze_1
14705	1p8s_1	4hze_1
14706	1t4p_1	4hze_1
14707	1p8q_1	4hze_1
14708	1tbl_1	4hze_1
14709	1p8m_1	4hze_1
14710	1p8o_1	4hze_1
14711	1p8p_1	4hze_1
14728	1bhg_1	3k46_1
14791	1ue1_1	1eqq_1
14792	3afp_1	1eqq_1
14793	1x3e_1	1eqq_1
14796	1xxq_1	1x1v_1
14803	4myn_1	4myn_1
14804	4myf_1	4myn_1
14872	1x9g_1	1x9g_1
14901	3hfn_1	3hfo_1
14939	1ww9_1	1ww9_1
14959	2yyk_1	2yyk_1
14960	2yyg_1	2yyk_1
15054	5jfn_1	5dbv_1
15088	3zrq_1	1iug_1
15138	1rlz_1	1rlz_1
15177	1b93_1	2xw6_1
15178	1s89_1	2xw6_1
15179	1s8a_1	2xw6_1
15280	3k07_1	4k0e_1
15287	3e8p_1	3e8p_1
15310	3etn_1	2xhz_1
15311	3no4_1	3no4_1
15316	3c6c_1	2y7d_1
15323	1j5s_1	1j5s_1
15327	1vkn_1	2cvo_1
15349	1vmd_1	2xw6_1
15362	3vbk_1	3vbk_1
15363	3vbl_1	3vbk_1
15364	3vbn_1	3vbk_1
15365	3vbi_1	3vbk_1
15366	3vbp_1	3vbk_1
15367	3vbm_1	3vbk_1
15397	4r8l_1	1wls_1
15482	2him_1	1wls_1
15555	5eik_1	5eik_1
15565	2y7d_1	2y7d_1
15710	2aqv_1	2aqv_1
15711	1onw_1	2aqv_1
15712	1ybq_1	2aqv_1
15713	2aqo_1	2aqv_1
15715	4k0e_1	4k0e_1
15718	2epi_1	2epi_1
15738	2iu7_1	2iu7_1
15739	2ivq_1	2iu7_1
15740	2iv1_1	2iu7_1
15741	2ivb_1	2iu7_1
15742	2iuo_1	2iu7_1
15743	2ivg_1	2iu7_1
15744	1dw9_1	2iu7_1
15852	1ro7_1	1ro8_2
15869	1h5s_1	1mc3_1
15897	1g3l_1	1mc3_1
15907	1mp5_1	1mc3_1
15908	1iim_1	1mc3_1
15909	1mp3_1	1mc3_1
15911	2dfa_1	1v6t_1
15938	1otv_2	1otv_2
15944	4cpl_1	4hzz_1
16008	4b7j_1	4hzz_1
16009	4b7q_1	4hzz_1
16010	3tia_1	4hzz_1
16015	4uox_1	3dxw_1
16066	4oo2_1	2yyk_1
16133	2i3g_3	2cvo_1
16147	2x8w_1	2xw6_1
16183	2qlk_1	4xl8_1
16185	4xl8_1	4xl8_1
16201	2ved_1	2ved_1
16241	1v6t_1	1v6t_1
16301	1xyg_1	2cvo_1
16333	2q6e_1	2q6e_1
16357	2q01_1	2q01_1
16364	2qs8_3	3mtw_2
16385	3mcu_1	3lqk_1
16405	1m0p_1	3dxw_1
16431	3k4i_1	3k4i_1
16437	3be7_1	3mtw_2
16438	3mkv_1	3mtw_2
16506	1xn4_1	1x9g_1
16509	3e8z_1	4hze_1
16510	3e8q_1	4hze_1
16511	1hqg_1	4hze_1
16512	1hqx_1	4hze_1
16513	1hqf_1	4hze_1
16514	3rla_1	4hze_1
16601	3rba_1	1od6_1
16602	3lcj_1	1od6_1
16609	2ozp_2	2cvo_1
16649	4y42_1	2iu7_1
16660	5fmn_1	3aai_1
16704	3cr8_1	3cr8_1
16825	4qh1_1	4x5t_1
16853	1l7h_1	4hzz_1
16854	3nn9_1	4hzz_1
16855	1bji_1	4hzz_1
16856	6nn9_1	4hzz_1
16857	1l7g_1	4hzz_1
16859	2b8h_1	4hzz_1
16865	4mwl_1	4hzz_1
16866	4mwj_1	4hzz_1
16869	4hzz_1	4hzz_1
16871	1v0z_1	4hzz_1
16901	4jhz_2	3k46_1
16902	3k46_1	3k46_1
16903	3k4a_1	3k46_1
16904	2xw6_1	2xw6_1
16953	3iac_1	1j5s_1
16967	3l92_1	1od6_1
16978	3n5m_1	3dxw_1
16981	2g17_1	2cvo_1
16982	3dr3_1	2cvo_1
16985	4jkk_1	3k46_1
17026	2yj0_1	2vyx_1
17037	2gth_1	4rs4_1
17061	4c5y_1	3mtw_2
17101	1knb_1	4xl8_1
17159	4h53_1	4hzz_1
17160	4h52_1	4hzz_1
17161	4k1j_1	4hzz_1
17162	1ivc_1	4hzz_1
17163	2bat_1	4hzz_1
17185	5j0z_1	4x5t_1
17211	3b1f_1	4wji_1
17273	4gpa_1	3hsy_1
17300	3en2_1	3en2_1
17301	4fdb_1	3en2_1
17311	1xoi_1	4l22_1
17312	1fa9_1	4l22_1
17321	1v82_1	1v82_1
17336	1y0e_3	1y0e_3
17359	3bqj_2	5e6t_1
17392	4wji_1	4wji_1
17410	1e7n_1	2jdg_1
17422	1u3y_1	1u3y_1
17423	1u3z_1	1u3y_1
17424	1u42_1	1u3y_1
17425	1u3j_1	1u3y_1
17426	1u36_1	1u3y_1
17566	1k6z_1	1k6z_1
17568	1n1b_1	3sae_1
17605	5n7m_1	5e6t_1
17606	2zl5_1	5e6t_1
17607	2zl6_1	5e6t_1
17610	5hmd_3	4l9x_1
17611	5hme_3	4l9x_1
17612	5hmf_3	4l9x_1
17620	5b2c_1	1e8v_1
17640	3fq8_1	3dxw_1
17641	3fq7_1	3dxw_1
17642	3fqa_1	3dxw_1
17643	3by2_2	5e6t_1
17644	3by1_2	5e6t_1
17645	1byl_1	1jie_1
17658	3u2l_1	4e0h_1
17659	3u2m_1	4e0h_1
17677	2hyp_1	3ib7_1
17678	2hyo_1	3ib7_1
17679	2hy1_1	3ib7_1
17682	4wii_1	3smz_1
17683	4wij_1	3smz_1
17689	2hf8_1	2wsm_1
17690	3ib7_1	3ib7_1
17704	4ipi_1	4ipi_1
17705	4ipj_1	4ipi_1
17708	4i9e_1	4i9e_1
17711	1e8v_1	1e8v_1
17736	2obr_1	5e6t_1
17738	3dd1_1	4l22_1
17742	3h51_1	3h51_1
17814	2pez_1	3cr8_1
17833	4oqq_1	4oqq_1
17863	3sno_1	3sno_1
17864	3eo6_1	3eo6_1
17885	3chv_1	2y7d_1
17893	2p8g_1	2w2b_1
17905	3h8u_1	3h8u_1
17920	2ifx_1	2ifx_1
17932	2ppv_1	2q7x_1
17956	3lyg_1	3lyg_1
17963	3jtx_1	3ezs_1
17970	2ozh_1	2ozh_1
17976	2ql8_1	2ql8_1
17989	3fa5_1	2y7d_1
17992	3gwr_1	3gwr_1
18023	3ezs_1	3ezs_1
18025	2gc9_1	2w2b_1
18031	3bwv_1	3bwv_1
18042	3oii_1	3bbd_1
18059	5m4d_1	3dxw_1
18081	3r6j_1	5e6t_1
18130	3ry8_1	5e6t_1
18149	3t5d_1	3sop_1
18159	4ds1_1	4d07_1
18165	2dw5_1	2dw5_1
18166	4rdj_1	5e6t_1
18167	5n0y_1	2dw5_1
18177	4rdx_1	4e51_1
18185	3beo_1	4neq_1
18187	1nfk_1	1u3y_1
18188	1a3q_1	1u3y_1
18191	4q1v_1	2dcm_1
18209	2vhg_1	2f4f_1
18219	4oh9_1	4oh9_1
18234	4gqw_1	4gqv_1
18239	3p9c_1	3p9c_1
18275	3noo_1	3nov_1
18276	3nor_1	3nov_1
18278	3noq_1	3nov_1
18279	3nov_1	3nov_1
18339	3rzz_1	3rzz_1
18351	4d07_1	4d07_1
18352	2fjt_1	2fjt_1
18367	2y51_1	2y51_1
18368	2y5d_1	2y51_1
18369	2y52_1	2y51_1
18370	2y53_1	2y51_1
18374	2zuk_1	3dxw_1
18377	1zjc_1	4ics_1
18394	3qnc_1	2x01_1
18397	5cmb_1	5cmb_1
18398	5cmc_1	5cmb_1
18399	5lkc_1	5e6t_1
18400	4oox_1	5e6t_1
18405	2zb2_1	4l22_1
18467	3qq6_1	3zkc_1
18468	4utu_1	1y0e_3
18487	3afc_1	3okw_1
18502	1wc9_1	1sz7_1
18504	3sl7_1	4gqv_1
18518	2yr4_1	2yr4_1
18574	3o7b_1	3bbd_1
18588	3dxw_1	3dxw_1
18606	4e0h_1	4e0h_1
18624	2vro_1	2y51_1
18678	4ops_1	5e6t_1
18680	4ifo_1	2hbx_1
18681	4ig2_1	2hbx_1
18713	1jr8_1	4e0h_1
18714	1xzw_1	1xzw_1
18730	4jhb_1	1u3y_1
18731	4jgm_1	1u3y_1
18732	1zka_1	1u3y_1
18733	1zk9_1	1u3y_1
18770	2h9u_1	2h9u_1
18788	3rjs_1	4d07_1
18812	1x87_1	1uwk_1
18830	1olz_1	3okw_1
18844	4qji_3	2gk4_1
18896	4h7p_1	4tvo_1
18904	4e51_1	4e51_1
19016	1xrk_1	1jie_1
19017	2zhp_1	1jie_1
19018	1em6_1	4l22_1
19030	1b8p_1	4tvo_1
19133	1nu3_1	1nu3_1
19168	1fp2_1	2qyo_1
19169	2qyo_1	2qyo_1
19193	1pem_1	1pem_1
19204	5dbk_1	5dbk_1
19277	3dvp_1	4d07_1
19283	3agy_1	1xao_1
19284	3nad_1	2w2b_1
19307	1iug_1	1iug_1
19351	1ult_1	1md9_1
19352	1v4v_1	4neq_1
19362	2dc4_1	2dc4_1
19369	2dr1_1	1iug_1
19372	2gks_1	3cr8_1
19387	2f4f_1	2f4f_1
19404	4esf_1	5h20_1
19437	2e7u_1	3dxw_1
19459	1vef_1	3dxw_1
19510	2p25_1	2p25_1
19523	4a01_1	4av3_1
19525	3hpa_3	4l9x_1
19558	2w2b_1	2w2b_1
19559	2w2a_1	2w2b_1
19595	4n2g_1	2dw5_1
19596	4n2l_1	2dw5_1
19597	4n2n_1	2dw5_1
19598	4n2a_1	2dw5_1
19631	1fp1_1	3p9c_1
19659	3f0h_1	1iug_1
19671	1vjo_1	1iug_1
19688	2fyx_1	2f4f_1
19706	2pwn_1	1sz7_1
19734	2x01_1	2x01_1
19735	2wkh_1	2x01_1
19736	2wgw_1	2x01_1
19737	2hp6_1	2x01_1
19738	2rl3_1	2x01_1
19739	1k4f_1	2x01_1
19748	1q18_1	3vpz_1
19789	3tft_1	3dxw_1
19846	4e70_1	2qyo_1
19979	3cu0_1	1v82_1
20012	3nbv_1	3nbv_1
20071	1x1q_1	2dh5_1
20076	3szt_1	3szt_1
20094	4bqe_1	4l22_1
20101	1yem_1	2dc4_1
20119	2vug_1	3qwu_1
20243	3dzc_1	4neq_1
20268	4wpe_1	4wpe_1
20276	4esb_1	5h20_1
20278	2egv_1	2egv_1
20297	4cza_1	4cz8_1
20298	4cz8_1	4cz8_1
20322	1zbs_1	1zbs_1
20323	3ls9_1	4l9x_1
20324	3lsb_1	4l9x_1
20365	1bdm_1	4tvo_1
20366	1bmd_1	4tvo_1
20367	1iz9_1	4tvo_1
20368	4kde_1	4tvo_1
20369	1wze_1	4tvo_1
20389	4nvs_1	2qnt_1
20405	3f46_1	4yte_1
20406	3f47_1	4yte_1
20407	3daf_1	4yte_1
20410	2wm1_1	2hbx_1
20423	1kko_1	1kko_1
20431	3zvh_1	1kko_1
20432	3zvi_1	1kko_1
20433	1kcz_1	1kko_1
20438	2zsk_1	1iu9_1
20444	1o6c_1	4neq_1
20445	4fkz_1	4neq_1
20447	2hbx_1	2hbx_1
20448	4era_1	2hbx_1
20475	4neq_1	4neq_1
20550	3inr_1	3inr_1
20562	2dx7_1	1iu9_1
20563	1jfl_1	1iu9_1
20698	2yri_1	1iug_1
20728	2w31_1	2w31_1
20731	1r6y_1	1r6y_1
20732	1tuv_2	1r6y_1
20757	4q0m_1	1wls_1
20793	3e4f_1	3n0m_1
20803	1x1v_1	1x1v_1
20815	5nck_1	5nck_1
20892	3nx1_3	2w2b_1
20912	5h20_1	5h20_1
20944	2cfb_1	3dxw_1
20959	3vok_1	3vok_1
21000	2az0_1	2az0_1
21041	2yvu_1	3cr8_1
21046	4lfu_1	3szt_1
21047	4y13_1	3szt_1
21069	2wqp_1	4ipi_1
21070	1xuu_1	4ipi_1
21071	2jgd_1	2jgd_1
21149	2dcm_1	2dcm_1
21150	2z3w_1	2dcm_1
21151	2eep_1	2dcm_1
21179	3zrj_3	4hh5_1
21180	4av3_1	4av3_1
21185	2ecf_1	2dcm_1
21189	3g7d_1	3rzz_1
21190	4yar_2	3rzz_1
21197	1wls_1	1wls_1
21224	2fca_1	2fca_1
21308	3o55_1	4e0h_1
21309	2yve_1	2zoy_1
21310	2zoy_1	2zoy_1
21360	2xbu_1	2xbu_1
21388	3brl_1	4d07_1
21389	2p2t_1	4d07_1
21394	3f3h_1	3f3h_1
21401	4rmm_1	4rmm_1
21402	3n0y_1	2fjt_1
21446	1sz7_1	1sz7_1
21448	3gm5_1	3gm5_1
21578	3e7p_1	3e7p_1
21581	3i83_1	3i83_1
21592	3kgz_1	3kgz_1
21594	1vhy_3	2egv_1
21596	2iho_1	2iho_1
21614	3dzb_1	4wji_1
21619	3kw2_1	2egv_1
21625	3ibm_1	3kgz_1
21645	3ghy_3	3ghy_3
21649	2paj_2	4l9x_1
21659	2a6o_1	2f4f_1
21664	3kkz_3	3e7p_1
21676	3f4k_1	3e7p_1
21689	2hyj_1	2hyj_1
21698	1ahp_1	4l22_1
21719	3zcs_1	4l22_1
21720	3l79_1	4l22_1
21721	3zcp_1	4l22_1
21722	1z8d_1	4l22_1
21723	1wc8_1	1sz7_1
21737	4l9x_1	4l9x_1
21764	1d6j_1	3cr8_1
21805	4kv9_1	3sop_1
21811	5ghf_1	3dxw_1
21816	1h4v_1	4e51_1
21829	1uwk_1	1uwk_1
21830	1w1u_1	1uwk_1
21831	1uwl_1	1uwk_1
21865	3fv6_1	3fv6_1
21883	1fgg_1	1v82_1
21884	2vrn_1	3nov_1
21921	1zbr_1	1zbr_1
21925	2wsj_1	2w2b_1
21980	2cwt_1	1w5z_1
21981	1ivv_1	1w5z_1
21982	2e2u_1	1w5z_1
21983	2e2t_1	1w5z_1
21984	1ui7_1	1w5z_1
21985	1ui8_1	1w5z_1
21986	1av4_1	1w5z_1
21987	2yx9_1	1w5z_1
22021	5g4i_1	3dxw_1
22024	1nww_1	1nu3_1
22031	1dty_1	3dxw_1
22032	1s0a_1	3dxw_1
22033	1s09_1	3dxw_1
22034	1s07_1	3dxw_1
22035	1s06_1	3dxw_1
22037	1mly_1	3dxw_1
22038	1s08_1	3dxw_1
22042	2aa4_1	5nck_1
22043	2dh5_1	2dh5_1
22044	1on1_1	1on1_1
22045	1on2_1	1on1_1
22061	1n57_1	1n57_1
22065	5hxd_1	5hxd_1
22071	3bbd_1	3bbd_1
22073	2xo6_1	2f4f_1
22074	2xqc_1	2f4f_1
22082	3f7e_1	3f7e_1
22124	1jie_1	1jie_1
22143	4ics_1	4ics_1
22144	4icq_1	4ics_1
22209	2aca_1	2fjt_1
22267	1jya_1	1k6z_1
22279	3l7w_1	5h20_1
22300	2qnt_1	2qnt_1
22311	2wjw_1	3hsy_1
22312	3hsy_1	3hsy_1
22321	3ceh_1	4l22_1
22334	3d26_1	5e6t_1
22336	5j35_1	5e6t_1
22341	3kpc_1	4gqv_1
22532	4ifr_1	2hbx_1
22534	1w5z_1	1w5z_1
22535	1rjo_1	1w5z_1
22539	3liq_1	3liq_1
22542	1gji_1	1u3y_1
22544	1ram_1	1u3y_1
22549	1ibd_1	2wwn_1
22550	1n3p_1	2jec_1
22570	2ofx_1	3cr8_1
22576	5m46_1	3dxw_1
22579	2ffr_1	4l22_1
22580	2gj4_1	4l22_1
22581	2gm9_1	4l22_1
22605	2qfr_1	1xzw_1
22624	1nxz_1	2egv_1
22641	3nc4_1	4l22_1
22674	2jky_1	2xbu_1
22679	3agz_1	1xao_1
22682	1fx5_1	2jec_1
22702	5mdh_1	4tvo_1
22708	3lq2_1	3lq2_1
22709	3lpl_1	3lq2_1
22710	1l8a_1	3lq2_1
22711	2qta_1	3lq2_1
22720	1mn6_1	1mn6_1
22767	4l4y_1	4oqq_1
22777	4op7_1	5e6t_1
22778	5iyn_1	5e6t_1
22779	4x07_1	5e6t_1
22780	4oov_1	5e6t_1
22785	3pum_1	5e6t_1
22791	4hqx_1	4hqx_1
22792	4hqu_1	4hqx_1
22793	3vpz_1	3vpz_1
22810	5j6o_1	5j6o_1
22820	1zx2_1	1zx2_1
22840	4ldk_1	4e0h_1
22841	3tk0_1	4e0h_1
22842	3u5s_1	4e0h_1
22864	4ew7_1	4ew7_1
22867	2oai_1	2p4p_1
22891	4iag_1	1jie_1
22906	4dun_1	4dun_1
22918	3qwu_1	3qwu_1
22928	2gk4_1	2gk4_1
22934	3hhh_1	5h20_1
22939	2i9x_1	2i9z_1
22940	2i9z_1	2i9z_1
22951	3bpk_1	3bpk_1
22957	1nri_1	4s12_2
22958	3n0m_1	3n0m_1
22959	3ijw_1	3n0m_1
22969	2hng_1	2hng_1
22970	3trc_1	3ci6_1
23022	3q58_1	1y0e_3
23024	3ci6_1	3ci6_1
23030	3rqb_1	3rqb_1
23044	2gup_1	5nck_1
23074	3lq6_1	5e6t_1
23077	3fwz_1	3fwz_1
23101	4bzp_1	3cr8_1
23102	1z4v_2	1e8v_1
23112	2ecp_1	4l22_1
23113	1l5v_1	4l22_1
23114	1e4o_1	4l22_1
23137	1a8i_1	4l22_1
23138	1noj_1	4l22_1
23139	1axr_1	4l22_1
23193	1civ_1	4tvo_1
23207	1my5_1	1u3y_1
23208	1my7_1	1u3y_1
23247	4opo_1	5e6t_1
23267	3kpd_3	4gqv_1
23290	3hrs_1	1on1_1
23296	3jv0_1	1u3y_1
23297	3juz_1	1u3y_1
23298	3jss_1	1u3y_1
23309	3r60_1	1on1_1
23310	4hx4_1	1on1_1
23314	1oki_1	2jdg_1
23334	1ax0_1	2jec_1
23335	1lte_1	2jec_1
23356	3oa4_1	3gm5_1
23371	4tvo_1	4tvo_1
23377	4quz_1	5e6t_1
23380	3o2j_1	3hsy_1
23383	2hoy_1	3dxw_1
23384	2gsa_1	3dxw_1
23392	5har_1	2x01_1
23394	5dym_1	5h20_1
23404	4mdh_1	4tvo_1
23417	2ovu_2	2jec_1
23418	2p2k_1	2jec_1
23419	1ces_1	2jec_1
23420	2ow4_2	2jec_1
23421	2cwm_1	2jec_1
23422	4k20_1	2jec_1
23439	2fmd_1	2jec_1
23473	4std_1	1idp_1
23491	5g5n_1	5g5n_1
23495	3l2h_1	3l2h_1
23519	3uk7_1	3nov_1
23523	1lss_3	1lss_3
23541	5jrb_1	5jrb_1
23549	4g2s_1	4g2s_1
23551	4l9b_1	4l9b_1
23564	4wad_1	4wad_1
23567	3nrk_2	3nrk_2
23575	4nmn_1	3bh0_1
23584	1c3k_2	1x1v_1
23596	4hwg_1	4neq_1
23600	2oap_1	2oap_1
23615	1tzf_1	1tzf_1
23621	1nlf_1	1nlf_1
23627	3jvu_1	2oap_1
23648	3std_1	1idp_1
23677	1j5y_2	1j5y_2
23681	1idp_1	1idp_1
23708	3efg_1	3efg_1
23735	2qv6_1	2qv6_1
23738	2ggo_2	1mc3_1
23761	1zee_2	1zee_2
23762	2nwb_1	1zee_2
23777	3lqr_1	3lqr_1
23782	1w9z_1	1w9z_1
23784	1zq7_1	1zq7_1
23793	4f0p_1	4f0p_1
23804	3u66_3	3u66_3
23823	3x2r_1	3x2r_1
23829	4dyt_1	4dyt_1
23832	2r6d_1	3bh0_1
23835	4ihq_1	2oap_1
23836	1kn0_1	5jrb_1
23879	1nlz_1	2oap_1
23900	1q57_1	1q57_1
23916	3l9a_1	3l9a_1
23925	3kg2_1	3hsy_1
23926	4u4f_1	3hsy_1
23927	4u1w_1	3hsy_1
23928	4u1y_1	3hsy_1
23929	4u1x_1	3hsy_1
23930	4ogg_1	3nov_1
23948	2iqh_1	4dyt_1
23980	3sdb_1	3sdb_1
23981	3dla_1	3sdb_1
23992	2f06_1	2f06_1
24008	2xgf_1	2xgf_1
24014	2eig_1	2jec_1
24018	3aup_1	3aup_1
24034	3wqm_1	3wqm_1
24046	4nds_1	4nds_1
24050	2de0_2	2de0_2
24062	4toi_1	4toi_1
24064	4jyo_2	2j5z_1
24072	1mjk_1	1mjk_1
24073	1cmb_1	1mjk_1
24074	5idb_1	5idb_1
24075	2vh3_1	2vh3_1
24078	3vk5_1	3vk5_1
24079	2jae_1	2jae_1
24119	2wfd_1	2wfd_1
24123	3wqn_1	3wqm_1
24128	4s1b_3	4s1b_3
24129	2fb0_1	2fb0_1
24137	4g9m_1	4izx_1
24138	2pv3_1	2pv1_1
24153	4a1f_1	3bh0_1
24163	1snd_2	1sta_1
24191	1rku_1	1rku_1
24192	3ulb_1	3ulb_1
24211	4v2k_1	4v2k_1
24217	3r2v_1	2vy7_1
24231	3coq_1	3coq_1
24246	2o5n_1	2o5n_1
24269	2j72_1	2j72_1
24278	4opm_3	2xmz_1
24306	3kdg_1	3kdg_1
24330	2giy_1	2giy_1
24340	1i4m_1	3haf_1
24352	3sy6_1	3sy6_1
24370	3o79_3	3haf_1
24381	2rbf_1	2rbf_1
24427	2czr_2	2czr_2
24430	3lm2_1	3lm2_1
24435	2q9k_1	2q9k_1
24448	2gvi_1	2gvi_1
24458	3uih_1	4wvs_1
24466	3bln_1	3bln_1
24473	4nxi_1	4nxi_1
24476	3lwd_1	3lwd_1
24478	3k1t_1	3k1t_1
24482	3h0n_1	3h0n_1
24484	3cc8_1	3cc8_1
24486	3i7d_1	3l2h_1
24487	3qta_1	3qta_1
24500	2q7x_1	2q7x_1
24506	2ou3_1	2ou3_1
24525	3fgv_1	3fgv_1
24538	3zrg_1	3zrg_1
24588	2e5b_1	4o14_1
24597	1wz3_1	1wz3_1
24608	4n0r_1	4n0r_1
24613	3haf_1	3haf_1
24622	2wzo_1	2wzo_1
24639	2yx8_1	2yx8_1
24645	3uee_1	4wvs_1
24646	3ueh_1	4wvs_1
24647	3uef_1	4wvs_1
24654	3ijt_1	3ijt_1
24664	3pdy_3	3pdy_3
24682	2h3d_1	4o14_1
24683	2h3b_1	4o14_1
24688	2xua_1	2xua_1
24711	5u35_1	5u35_1
24719	3nme_1	4kyr_1
24746	3q0x_1	3q0x_1
24760	3zyl_1	1hf8_1
24769	3hr0_1	3hr0_1
24776	2db7_1	2db7_1
24822	5c93_1	1id0_1
24830	5j8j_1	5j8j_1
24871	2qa9_1	2qa9_1
24909	1e0b_1	1e0b_1
24959	4kp4_1	1id0_1
24971	2ghv_1	5gyq_1
25013	3p9v_1	3p9v_1
25046	1qsd_1	1qsd_1
25050	3a9l_1	3a9l_1
25056	2rhh_1	1w5f_1
25060	3ua3_1	3ua3_1
25065	3lef_1	3lef_1
25066	3cam_1	1csp_1
25076	1tuw_1	1tuw_1
25086	1nxh_1	1nxh_1
25114	1t6l_1	1t6l_1
25125	2pk7_1	2pk7_1
25152	1ub9_1	1ub9_1
25203	4huz_1	4huz_1
25207	3ayf_2	3ayf_2
25216	4cwe_1	4cwe_1
25222	2ixa_1	2ixa_1
25225	4pyj_2	2zlb_1
25231	1w5f_1	1w5f_1
25233	5nc8_1	3fwz_1
25236	3oqg_1	3oqg_1
25248	2y0o_1	2y0o_1
25252	1d02_1	1d02_1
25257	4j6u_1	4j6u_1
25272	1o5l_1	1o5l_1
25305	4djb_1	4djb_1
25392	4at0_1	4at0_1
25414	4iz6_1	1md9_1
25415	5fcx_3	5fcx_3
25428	5l7u_1	5l7u_1
25437	4q51_1	4q51_1
25465	3v76_1	2gqf_1
25488	3kc2_1	3kc2_1
25493	3cgw_1	3cgw_1
25498	1jhd_1	1v47_1
25544	1ixm_1	1ixm_1
25568	1xw8_1	1v6t_1
25595	3tfh_1	3tfh_1
25599	2hin_1	2hin_1
25601	5b42_1	3kdg_1
25603	1h54_1	1h54_1
25612	2e5y_1	2e5y_1
25637	2c9l_1	2c9l_1
25638	2c9n_1	2c9l_1
25661	3vy2_1	3vy2_1
25662	3a20_1	3vy2_1
25663	1flm_1	3vy2_1
25664	1wli_1	3vy2_1
25665	3vy5_1	3vy2_1
25666	3vya_1	3vy2_1
25667	2e83_1	3vy2_1
25668	3awh_1	3vy2_1
25669	3amf_1	3vy2_1
25670	3a6q_1	3vy2_1
25678	4ojz_1	4ojz_1
25679	4nei_1	4ojz_1
25680	4ok4_1	4ojz_1
25692	2o2e_1	2dh5_1
25697	2g95_1	4o14_1
25698	2gvl_1	4o14_1
25699	3vwq_1	3vwq_1
25700	3vwr_1	3vwq_1
25701	2zm7_1	3vwq_1
25702	2dcf_2	3vwq_1
25703	2zma_1	3vwq_1
25704	3vwp_1	3vwq_1
25705	2zm8_1	3vwq_1
25706	3vwm_1	3vwq_1
25707	3vwn_1	3vwq_1
25708	2e8i_2	3vwq_1
25709	1wyc_2	3vwq_1
25710	2zm0_1	3vwq_1
25711	3vwl_1	3vwq_1
25712	1wyb_2	3vwq_1
25713	2zly_1	3vwq_1
25714	2zm9_1	3vwq_1
25715	2zm2_1	3vwq_1
25737	1wtd_1	1wtd_1
25743	4kt8_1	3wqm_1
25744	3wqk_1	3wqm_1
25749	4o14_1	4o14_1
25750	4o18_1	4o14_1
25751	3dgr_1	4o14_1
25752	2gvj_1	4o14_1
25753	4jnm_1	4o14_1
25754	4o1a_1	4o14_1
25755	4o19_1	4o14_1
25756	4o1c_1	4o14_1
25757	4o17_1	4o14_1
25761	2xkl_1	2xkl_1
25767	1dc1_1	1dc1_1
25827	2bo3_1	2bo3_1
25828	2om6_1	2om6_1
25830	1lns_1	1lns_1
25874	2yzq_2	4gqv_1
25907	3ifu_1	3ifu_1
25910	1hf8_1	1hf8_1
25936	3o98_1	3o98_1
25937	2io7_1	3o98_1
25999	3npy_1	4j6u_1
26015	2h09_1	1on1_1
26022	3hos_1	3hos_1
26027	1kix_1	1kix_1
26090	3ctw_1	3ctw_1
26101	2oi2_1	2oi2_1
26106	3wqy_1	2zzf_1
26114	5ft0_1	5ft0_1
26135	3dnf_1	3dnf_1
26140	1v47_1	1v47_1
26147	4ftx_1	4ftx_1
26175	3qp6_1	3szt_1
26185	1aor_1	1aor_1
26193	1jhw_2	1svy_1
26194	1j72_2	1svy_1
26220	4k8w_1	4k8w_1
26251	4e5r_1	3le4_1
26287	3au0_1	4f1z_1
26289	1ezg_1	1ezg_1
26291	4mzv_1	4mzv_1
26300	4cv4_1	4cv4_1
26308	2x52_1	1uha_1
26309	1k7t_1	1uha_1
26310	2cwg_1	1uha_1
26334	1xju_3	1xju_3
26336	4esy_1	4gqv_1
26345	3le4_1	3le4_1
26349	2scp_1	2scp_1
26350	3qek_3	3qek_3
26351	1kzq_1	1kzq_1
26368	1xao_1	1xao_1
26373	4kl5_3	4kl5_3
26398	4mq0_1	1x1v_1
26399	1zgr_1	1x1v_1
26402	1vh4_1	1vh4_1
26428	3muj_1	3muj_1
26453	4c6s_1	4c6s_1
26467	3hcy_1	3hcy_1
26510	2qip_1	2qip_1
26547	3d0f_1	3d0f_1
26553	1xnf_1	1xnf_1
26588	2uvk_1	2uvk_1
26604	3ncv_1	3kdg_1
26612	1ku2_1	1ku2_1
26622	3dso_2	3dso_2
26667	5c70_1	3k46_1
26677	4m1p_1	3aai_1
26681	5hcm_1	4x5t_1
26682	4zzb_1	4x5t_1
26684	5cfb_1	4x5t_1
26694	4mt4_1	4mt4_1
26700	2j5z_1	2j5z_1
26714	1uxb_1	4xl8_1
26741	5f1c_1	3i5d_1
26755	4hze_1	4hze_1
26756	3emi_1	3emi_1
26778	1yzv_1	1x9g_1
26838	5dbv_1	5dbv_1
26839	5dru_1	5dbv_1
26848	3mmr_1	4hze_1
26890	1wo8_1	2xw6_1
26908	3pkq_1	1mc3_1
26943	1qca_1	1qca_1
26944	1cla_1	1qca_1
26945	4cla_1	1qca_1
26946	3cla_1	1qca_1
26947	2cla_1	1qca_1
26948	1cia_1	1qca_1
26965	4zdg_1	4xl8_1
26972	4yot_1	4yov_1
26973	4yov_1	4yov_1
27013	3hfo_1	3hfo_1
27045	5egi_1	5eik_1
27049	2j0y_2	2j5z_1
27050	4r9t_1	2j5z_1
27054	4nyt_1	2j5z_1
27055	4r9j_1	2j5z_1
27056	5hum_1	4hzz_1
27067	5heh_1	4x5t_1
27068	5heg_1	4x5t_1
27076	5nn9_1	4hzz_1
27077	4nn9_1	4hzz_1
27086	5huk_1	4hzz_1
27101	4ru5_1	4ru5_1
27114	5a99_1	5a99_1
27140	2gdf_1	2jec_1
27141	3sh3_1	2jec_1
27142	2zbj_1	2jec_1
27143	1h9p_1	2jec_1
27144	2d3p_1	2jec_1
27145	3u4x_1	2jec_1
27146	1cn1_1	2jec_1
27147	2cna_1	2jec_1
27148	1mvq_1	2jec_1
27149	1dgl_1	2jec_1
27171	3mtw_2	3mtw_2
27173	3p8s_1	1x1v_1
27174	1sbd_1	2jec_1
27186	2jec_1	2jec_1
27187	2je9_1	2jec_1
27212	1vbp_1	1x1v_1
27213	1j4s_1	1x1v_1
27214	1qvc_1	1eqq_1
27291	4akb_1	1x1v_1
27292	1toq_5	1x1v_1
27293	1ugw_1	1x1v_1
27295	2v19_1	2vyx_1
27297	5h7x_1	1od6_1
27302	3e49_1	2y7d_1
27307	2o1q_1	3bal_1
27313	3lot_1	2y7d_1
27338	3pxu_2	1od6_1
27372	5l4h_1	4x5t_1
27391	1ro8_2	1ro8_2
27392	2drj_1	1ro8_2
27426	1jot_1	1x1v_1
27428	2dud_2	1eqq_1
27436	3otw_1	1od6_1
27441	2rhb_1	4rs4_1
27450	3vdy_1	1eqq_1
27457	2h85_1	4rs4_1
27470	2x63_1	1ro8_2
27516	3a5u_1	1eqq_1
27520	2a0m_2	4myn_1
27535	3r4t_2	3dxw_1
27543	5ts2_4	1od6_1
27574	1i2d_1	3cr8_1
27583	2ocd_1	1wls_1
27587	1o6b_2	1od6_1
27599	1sru_1	1eqq_1
27600	1eqq_1	1eqq_1
27639	3bal_1	3bal_1
27648	4nah_1	1od6_1
27671	2vw9_1	1eqq_1
27680	4bhv_1	4bhv_1
27690	5wya_1	3dxw_1
27707	1vlh_1	1od6_1
27712	1z9f_2	1eqq_1
27740	2p2d_1	1wls_1
27806	1od6_1	1od6_1
27855	1h5r_1	1mc3_1
27901	2eo5_1	3dxw_1
27918	3ulp_1	1eqq_1
27937	1szu_1	3dxw_1
27938	1sf2_1	3dxw_1
27939	1szk_1	3dxw_1
27940	1szs_1	3dxw_1
27946	1g8f_1	3cr8_1
27953	3aai_1	3aai_1
27998	3nd5_1	1od6_1
28020	2vxa_1	2vyx_1
28030	2xhz_1	2xhz_1
28038	5h16_1	1od6_1
28061	1d7r_1	3dxw_1
28171	2raq_1	2raq_1
28174	2vx9_1	2vyx_1
28175	4b2h_1	2vyx_1
28176	2cc6_1	2vyx_1
28177	4b2j_1	2vyx_1
28193	3onr_1	2vyx_1
28212	1dzq_1	2jec_1
28218	1jec_1	3cr8_1
28244	4x5t_1	4x5t_1
28257	2bzu_1	4xl8_1
28270	4u2a_1	2jec_1
28318	4htl_2	5nck_1
28336	1g8w_1	2jec_1
28337	2yiz_1	2vyx_1
28346	2gti_1	4rs4_1
28375	4r0n_1	1od6_1
28380	1fny_1	2jec_1
28404	2vkf_1	2vyx_1
28405	2cie_1	2vyx_1
28406	1mog_1	2vyx_1
28465	4heh_1	4hh1_3
28467	4hh1_3	4hh1_3
28468	4hh0_3	4hh1_3
28481	4jup_1	4jup_1
28502	1ulk_1	1uha_1
28503	1foc_1	1foc_1
28510	1ytq_2	2jdg_1
28513	3l18_1	3nov_1
28524	3owf_1	1sta_1
28532	2imz_1	4kl5_3
28570	1an8_1	1dyq_1
28572	1c9u_1	3a9g_1
28582	1cq3_1	1cq3_1
28597	5ki9_1	5ki9_1
28602	1z9p_1	2wwn_1
28604	1xbr_1	1xbr_1
28624	3okw_1	3okw_1
28627	4gz8_1	3okw_1
28635	3sop_1	3sop_1
28680	5fol_1	2wfd_1
28708	2x3g_1	2x3g_1
28713	4qq4_1	4qq4_1
28719	3tw4_1	3sop_1
28750	4raa_1	4raa_1
28759	3u21_1	3u21_1
28769	3k8r_1	3k8r_1
28774	3uij_1	4wvs_1
28779	3mdp_1	3mdp_1
28787	2pn1_1	2pn1_1
28842	3apm_1	2dw5_1
28843	3apn_1	2dw5_1
28856	4x8c_1	2dw5_1
28857	2dew_1	2dw5_1
28859	4eqq_1	4eqq_1
28860	1wd9_1	2dw5_1
28862	3ast_1	5e6t_1
28863	3asp_1	5e6t_1
28873	4pt5_1	3e9s_1
28879	4jrl_1	3hbz_1
28885	4r7f_1	4r7f_1
28919	4gqv_1	4gqv_1
28920	3uei_1	4wvs_1
28928	4p16_1	3e9s_1
28964	4ae4_1	4ae4_1
28967	1rlu_1	1w5f_1
28974	1fof_1	2x01_1
28978	3fau_3	3fau_3
28994	2qnr_1	3sop_1
29017	3uey_1	3uey_1
29018	3ugd_1	3uey_1
29019	3uff_1	3uey_1
29020	3ugi_1	3uey_1
29039	1cu1_1	4b6e_1
29044	4e6e_2	1w5f_1
29057	2aqs_1	2wwn_1
29061	5k4p_1	5k4p_1
29089	3h5w_1	3hsy_1
29105	2aps_1	2wwn_1
29111	3jqr_1	3jqr_1
29113	5hfo_1	2x01_1
29117	2qld_1	1xao_1
29121	3icf_1	1jk7_1
29122	1q47_1	3okw_1
29130	2eix_1	1umk_1
29148	2bb2_2	2jdg_1
29161	2exx_1	2exx_1
29168	4v03_1	1ion_1
29175	4git_1	1qzm_1
29186	5ucv_1	1svi_1
29193	4xin_1	4xin_1
29205	1je5_1	1je5_1
29216	4mdu_1	4mdu_1
29223	2ihf_1	1eqq_1
29224	2fxq_1	1eqq_1
29246	4iry_1	4dyt_1
29251	2hf1_3	2pk7_1
29262	2ph5_1	4tvb_1
29266	3io3_2	1ion_1
29290	3b3l_2	3nbv_1
29314	1fn9_1	1fn9_1
29327	4x4w_1	4wby_1
29329	1e31_1	4wvs_1
29330	1f3h_1	4wvs_1
29346	4n2h_1	2dw5_1
29347	4n2c_1	2dw5_1
29348	4n2d_1	2dw5_1
29352	3fbk_1	3fbk_1
29366	3rvb_1	4b6e_1
29377	1vkh_2	1vkh_2
29424	4a92_1	4b6e_1
29425	4b75_1	4b6e_1
29426	3o8c_1	4b6e_1
29427	4b6e_1	4b6e_1
29461	4ojq_1	4b6e_1
29465	2wsm_1	2wsm_1
29469	3p7i_1	3s4u_2
29475	1ou5_1	4wby_1
29519	3zkc_1	3zkc_1
29521	3wx4_1	3wx4_1
29566	1d66_1	3coq_1
29583	1vgv_2	4neq_1
29591	2vxy_1	1w5f_1
29593	3zvx_1	2jec_1
29602	3mlo_1	3lyr_1
29618	5i4c_1	5i4c_1
29634	3t1w_1	1fnf_1
29667	1uaa_1	1pjr_1
29707	3lpm_1	3lpm_1
29709	3i0t_1	3i0t_1
29730	3iqw_1	1ion_1
29744	2ewt_1	2ewt_1
29793	2q1x_1	1w5f_1
29800	4q11_3	4q11_3
29876	8ohm_1	4b6e_1
29887	2pfi_1	2pfi_1
29888	1ygp_1	4l22_1
29897	1oaj_1	2wwn_1
29898	1ibf_1	2wwn_1
29899	1ibh_1	2wwn_1
29900	1ibb_1	2wwn_1
29901	1ib5_1	2wwn_1
29921	3d34_1	3d34_1
29924	3uyv_1	3uyv_1
29925	3uyu_1	3uyv_1
29935	3aql_1	4wby_1
29936	3aqm_1	4wby_1
29951	4rsw_1	4rsw_1
29962	1hei_1	4b6e_1
29963	3coo_1	3coo_1
29977	3eyl_1	4wvs_1
29985	2dqa_1	2dqa_1
30002	3nbc_1	4izx_1
30010	2ia1_1	3i0t_1
30050	2xym_1	4obc_1
30051	1gx6_1	4obc_1
30055	2wmd_1	2exx_1
30088	2iqt_1	2iqt_1
30089	3e0y_1	3ci6_1
30091	2p4p_1	2p4p_1
30099	4i66_1	4i66_1
30111	4pn6_1	4pn6_1
30122	1h5x_1	2x01_1
30150	4yvd_1	4yvd_1
30171	3qk9_1	3qk9_1
30210	2f7t_1	3hos_1
30217	3g1e_1	3g1e_1
30218	1ay2_1	4v1j_1
30227	4kmn_1	4wvs_1
30255	3syb_1	2y0l_1
30266	4i16_1	4jup_1
30270	3t20_1	2y0l_1
30308	1ck7_1	3c7x_1
30309	1s31_1	1s31_1
30310	1m47_1	1m4a_1
30316	1eso_1	2wwn_1
30331	5cr3_1	1sta_1
30332	4k2k_1	1sta_1
30333	4kd3_1	1sta_1
30334	4kjo_1	1sta_1
30335	5dau_1	1sta_1
30336	5igf_1	1sta_1
30337	2oeo_1	1sta_1
30338	2of1_1	1sta_1
30339	3bdc_1	1sta_1
30340	4hth_1	1sta_1
30341	3tp5_1	1sta_1
30342	3tme_1	1sta_1
30343	3sk6_1	1sta_1
30356	3fzg_1	3fzg_1
30358	3e4h_1	4ttn_1
30362	2zws_1	2zws_1
30369	1ewc_1	1dyq_1
30370	1enf_1	1dyq_1
30380	2wan_1	3wdh_1
30414	4l05_1	2wwn_1
30424	4ypt_1	3e9s_1
30427	3ab6_1	2dqa_1
30435	2pil_1	4v1j_1
30436	2hi2_1	4v1j_1
30457	4f2e_1	4f2e_1
30480	3bwy_1	2zlb_1
30481	3bwm_1	2zlb_1
30486	2vy7_1	2vy7_1
30539	4xcx_1	4xcx_1
30578	5cl3_1	5cl4_1
30579	5cl4_1	5cl4_1
30592	5o0x_1	5o0x_1
30601	3bh0_1	3bh0_1
30606	5fae_1	1svy_1
30608	5ikp_1	4l22_1
30630	5c0k_1	4wvs_1
30632	2wew_1	2xkl_1
30664	3a7e_1	2zlb_1
30674	2y6x_1	2y6x_1
30690	4fkd_1	3uey_1
30725	3mgw_1	1gbs_1
30733	3r9w_1	1svi_1
30756	4jzc_1	2j5z_1
30771	2iak_1	3pdy_3
30773	4rsx_1	4rsw_1
30790	3p75_1	1sta_1
30791	4k8i_1	1sta_1
30792	4g57_1	1sta_1
30802	1pex_1	3c7x_1
30831	3cj1_1	4bqz_1
30832	4bqz_1	4bqz_1
30833	4cd3_1	4bqz_1
30850	3ltq_1	5bow_1
30911	2zum_1	2zum_1
30943	4p7f_1	2zlb_1
30961	3hn7_1	3hn7_1
30964	1vl1_1	3lwd_1
30996	5fr0_1	5l7u_1
30997	5fqg_1	5l7u_1
31035	2qyu_1	2qyu_1
31066	3jxz_1	5cl4_1
31078	5fgn_1	5k4p_1
31101	2fi1_1	2fi1_1
31128	2i5m_1	1csp_1
31186	2oqk_1	4mno_1
31215	2xbg_2	2xbg_2
31224	2nnd_1	3kff_1
31229	4jlv_1	2ved_1
31236	2p0y_1	2q7x_1
31253	1xkn_1	1zbr_1
31262	1o99_1	1ejj_1
31279	2p9b_1	3mtw_2
31286	1yvf_1	4obc_1
31287	4nld_1	4obc_1
31295	2gqf_1	2gqf_1
31304	2vps_1	3o98_1
31305	4c9g_1	1okc_1
31320	2g9d_1	2g9d_1
31321	4u94_1	4u94_1
31322	1i1i_1	1i1i_1
31328	4l22_1	4l22_1
31331	3css_1	3lwd_1
31340	1vaj_1	1zq7_1
31347	5b5l_1	5b5l_1
31348	5b5s_1	5b5l_1
31364	3sl2_1	1id0_1
31375	4xuc_1	2zlb_1
31387	1et9_1	1dyq_1
31403	3jy1_1	5cl4_1
31404	3jx7_1	5cl4_1
31405	2f55_2	4b6e_1
31411	1ohc_1	2img_1
31412	1ohe_1	2img_1
31431	1xxg_1	1dyq_1
31461	4kmf_1	4kmf_1
31467	1s9u_1	1s9u_1
31468	2jk7_1	4wvs_1
31486	1qzm_1	1qzm_1
31517	3frz_1	4obc_1
31532	4h3t_1	4h3t_1
31556	2fj9_1	1hb6_1
31565	4izx_1	4izx_1
31586	4p58_1	2zlb_1
31590	4rez_1	3e9s_1
31624	2y0l_1	2y0l_1
31630	3bvs_1	5cl4_1
31631	1st6_1	1st6_1
31645	5h3g_1	1hb6_1
31694	1f9k_1	2jec_1
31695	5fas_1	2x01_1
31709	3woq_1	3woq_1
31710	3woo_1	3woq_1
31711	3wok_1	3woq_1
31712	3woj_1	3woq_1
31714	3pet_1	3pet_1
31731	4dkt_1	2dw5_1
31734	4tvb_1	4tvb_1
31739	1ha4_1	2jdg_1
31757	4ttz_2	3q0x_1
31758	4ttw_1	3q0x_1
31759	5e6t_1	5e6t_1
31769	2aqp_1	2wwn_1
31773	5fat_1	2x01_1
31805	5jwf_1	3woq_1
31849	4low_1	4low_1
31863	1f6d_2	4neq_1
31899	4s2p_1	2x01_1
31908	2qa5_1	3sop_1
31911	2cmu_1	1zbr_1
31934	2wwn_1	2wwn_1
31954	5eyx_1	2jec_1
31961	5hu7_1	5j6o_1
31967	4s12_2	4s12_2
31973	1avb_1	2jec_1
31976	4yin_1	2x01_1
31984	1gam_1	2jdg_1
31987	4hv6_2	1on1_1
31991	5hap_1	2x01_1
31992	4s2l_1	2x01_1
31993	5faq_1	2x01_1
